{"cameraMode":{"drawMode":0,"name":"Shaded","section":"Shading Mode"},"sceneLighting":true,"audioPlay":false,"sceneViewState":{"m_AlwaysRefresh":false,"showFog":true,"showSkybox":true,"showFlares":true,"showImageEffects":true,"showParticleSystems":true,"showVisualEffectGraphs":true,"m_FxEnabled":true},"in2DMode":false,"pivot":{"x":-2881.335693359375,"y":-260.60321044921877,"z":-682.0904541015625},"rotation":{"x":0.025109725072979928,"y":-0.7927414774894714,"z":0.032912999391555789,"w":0.6084250807762146},"size":1529.6986083984375,"orthographic":false}